x_over_L,x_mm,Wall_Temp_C,Bulk_Fluid_Temp_C,Local_Nusselt_Nu
0.0031,0.38,91.92,77.00,870.44
0.0094,1.13,92.05,77.00,862.84
0.0156,1.88,92.18,77.00,855.50
0.0219,2.62,92.31,77.00,848.41
0.0281,3.37,92.43,77.00,841.55
0.0344,4.13,92.56,77.00,834.94
0.0406,4.87,92.68,77.01,828.55
0.0469,5.63,92.80,77.01,822.37
0.0531,6.38,92.91,77.01,816.41
0.0594,7.12,93.03,77.01,810.65
0.0656,7.87,93.14,77.01,805.09
0.0719,8.62,93.25,77.01,799.72
0.0781,9.38,93.35,77.01,794.53
0.0844,10.13,93.46,77.01,789.52
0.0906,10.88,93.56,77.01,784.68
0.0969,11.62,93.66,77.01,780.00
0.1031,12.37,93.76,77.01,775.48
0.1094,13.13,93.85,77.01,771.12
0.1156,13.88,93.95,77.02,766.91
0.1219,14.63,94.04,77.02,762.84
0.1281,15.37,94.13,77.02,758.91
0.1344,16.13,94.21,77.02,755.11
0.1406,16.88,94.30,77.02,751.45
0.1469,17.62,94.38,77.02,747.90
0.1531,18.38,94.46,77.02,744.48
0.1594,19.12,94.54,77.02,741.18
0.1656,19.88,94.62,77.02,737.99
0.1719,20.62,94.69,77.02,734.91
0.1781,21.37,94.76,77.02,731.93
0.1844,22.13,94.84,77.02,729.05
0.1906,22.87,94.90,77.03,726.28
0.1969,23.63,94.97,77.03,723.59
0.2031,24.38,95.04,77.03,721.00
0.2094,25.12,95.10,77.03,718.50
0.2156,25.88,95.16,77.03,716.08
0.2219,26.62,95.22,77.03,713.75
0.2281,27.38,95.28,77.03,711.49
0.2344,28.12,95.34,77.03,709.31
0.2406,28.87,95.39,77.03,707.21
0.2469,29.63,95.45,77.03,705.18
0.2531,30.38,95.50,77.03,703.21
0.2594,31.13,95.55,77.03,701.32
0.2656,31.88,95.60,77.03,699.49
0.2719,32.62,95.65,77.04,697.72
0.2781,33.37,95.69,77.04,696.01
0.2844,34.13,95.74,77.04,694.36
0.2906,34.88,95.78,77.04,692.77
0.2969,35.63,95.82,77.04,691.23
0.3031,36.37,95.87,77.04,689.74
0.3094,37.12,95.91,77.04,688.31
0.3156,37.88,95.94,77.04,686.92
0.3219,38.63,95.98,77.04,685.58
0.3281,39.38,96.02,77.04,684.28
0.3344,40.12,96.05,77.04,683.03
0.3406,40.87,96.09,77.04,681.83
0.3469,41.63,96.12,77.05,680.66
0.3531,42.38,96.16,77.05,679.54
0.3594,43.13,96.19,77.05,678.45
0.3656,43.87,96.22,77.05,677.40
0.3719,44.62,96.25,77.05,676.38
0.3781,45.38,96.28,77.05,675.40
0.3844,46.13,96.30,77.05,674.46
0.3906,46.88,96.33,77.05,673.54
0.3969,47.62,96.36,77.05,672.66
0.4031,48.37,96.38,77.05,671.81
0.4094,49.13,96.41,77.05,670.98
0.4156,49.88,96.43,77.05,670.19
0.4219,50.62,96.45,77.06,669.42
0.4281,51.37,96.48,77.06,668.67
0.4344,52.12,96.50,77.06,667.96
0.4406,52.88,96.52,77.06,667.27
0.4469,53.63,96.54,77.06,666.60
0.4531,54.38,96.56,77.06,665.95
0.4594,55.12,96.58,77.06,665.33
0.4656,55.87,96.60,77.06,664.72
0.4719,56.63,96.61,77.06,664.14
0.4781,57.38,96.63,77.06,663.58
0.4844,58.12,96.65,77.06,663.04
0.4906,58.87,96.66,77.06,662.51
0.4969,59.62,96.68,77.07,662.00
0.5031,60.38,96.70,77.07,661.52
0.5094,61.12,96.71,77.07,661.04
0.5156,61.88,96.72,77.07,660.59
0.5219,62.63,96.74,77.07,660.14
0.5281,63.37,96.75,77.07,659.72
0.5344,64.13,96.77,77.07,659.31
0.5406,64.87,96.78,77.07,658.91
0.5469,65.63,96.79,77.07,658.53
0.5531,66.38,96.80,77.07,658.16
0.5594,67.12,96.81,77.07,657.80
0.5656,67.88,96.83,77.07,657.45
0.5719,68.62,96.84,77.08,657.12
0.5781,69.37,96.85,77.08,656.79
0.5844,70.13,96.86,77.08,656.48
0.5906,70.87,96.87,77.08,656.18
0.5969,71.63,96.88,77.08,655.89
0.6031,72.37,96.89,77.08,655.61
0.6094,73.13,96.89,77.08,655.34
0.6156,73.88,96.90,77.08,655.08
0.6219,74.62,96.91,77.08,654.82
0.6281,75.38,96.92,77.08,654.58
0.6344,76.12,96.93,77.08,654.34
0.6406,76.88,96.94,77.08,654.12
0.6469,77.63,96.94,77.09,653.90
0.6531,78.37,96.95,77.09,653.68
0.6594,79.13,96.96,77.09,653.48
0.6656,79.87,96.96,77.09,653.28
0.6719,80.63,96.97,77.09,653.09
0.6781,81.38,96.98,77.09,652.90
0.6844,82.12,96.98,77.09,652.72
0.6906,82.88,96.99,77.09,652.55
0.6969,83.62,97.00,77.09,652.38
0.7031,84.37,97.00,77.09,652.22
0.7094,85.13,97.01,77.09,652.07
0.7156,85.87,97.01,77.09,651.92
0.7219,86.63,97.02,77.09,651.77
0.7281,87.37,97.02,77.10,651.63
0.7344,88.13,97.03,77.10,651.50
0.7406,88.88,97.03,77.10,651.37
0.7469,89.62,97.04,77.10,651.24
0.7531,90.38,97.04,77.10,651.12
0.7594,91.12,97.05,77.10,651.00
0.7656,91.88,97.05,77.10,650.89
0.7719,92.63,97.05,77.10,650.78
0.7781,93.37,97.06,77.10,650.67
0.7844,94.13,97.06,77.10,650.57
0.7906,94.87,97.07,77.10,650.47
0.7969,95.63,97.07,77.10,650.37
0.8031,96.38,97.07,77.11,650.28
0.8094,97.12,97.08,77.11,650.19
0.8156,97.88,97.08,77.11,650.10
0.8219,98.62,97.08,77.11,650.02
0.8281,99.37,97.09,77.11,649.94
0.8344,100.13,97.09,77.11,649.86
0.8406,100.87,97.09,77.11,649.79
0.8469,101.63,97.10,77.11,649.72
0.8531,102.37,97.10,77.11,649.65
0.8594,103.13,97.10,77.11,649.58
0.8656,103.88,97.11,77.11,649.51
0.8719,104.62,97.11,77.11,649.45
0.8781,105.38,97.11,77.12,649.39
0.8844,106.12,97.11,77.12,649.33
0.8906,106.88,97.12,77.12,649.27
0.8969,107.63,97.12,77.12,649.22
0.9031,108.37,97.12,77.12,649.16
0.9094,109.13,97.12,77.12,649.11
0.9156,109.87,97.13,77.12,649.06
0.9219,110.63,97.13,77.12,649.02
0.9281,111.38,97.13,77.12,648.97
0.9344,112.12,97.13,77.12,648.93
0.9406,112.88,97.14,77.12,648.88
0.9469,113.62,97.14,77.12,648.84
0.9531,114.37,97.14,77.13,648.80
0.9594,115.13,97.14,77.13,648.76
0.9656,115.87,97.14,77.13,648.72
0.9719,116.63,97.15,77.13,648.69
0.9781,117.37,97.15,77.13,648.65
0.9844,118.13,97.15,77.13,648.62
0.9906,118.88,97.15,77.13,648.59
0.9969,119.62,97.15,77.13,648.55
